User_ID,IP_Address,Location,Timestamp,Status,Device_Type
6470,10.0.0.2,Canada,2024-03-01 00:00:00,Success,Mac
5080,203.0.113.45,Russia,2024-03-01 01:00:00,Failed,Linux
9706,192.168.1.1,UK,2024-03-01 02:00:00,Failed,iPhone
7683,203.0.113.45,USA,2024-03-01 03:00:00,Failed,iPhone
7913,172.16.254.1,Russia,2024-03-01 04:00:00,Failed,Mac
5059,203.0.113.45,China,2024-03-01 05:00:00,Failed,Android
3010,198.51.100.77,USA,2024-03-01 06:00:00,Failed,Windows PC
1054,192.168.1.1,Germany,2024-03-01 07:00:00,Failed,Windows PC
4992,10.0.0.2,Brazil,2024-03-01 08:00:00,Success,Mac
2843,10.0.0.2,Russia,2024-03-01 09:00:00,Failed,iPhone
6752,172.16.254.1,Brazil,2024-03-01 10:00:00,Failed,Windows PC
3305,10.0.0.2,Canada,2024-03-01 11:00:00,Success,Linux
7822,198.51.100.77,Russia,2024-03-01 12:00:00,Failed,Linux
9478,198.51.100.77,China,2024-03-01 13:00:00,Success,Android
8539,203.0.113.45,Brazil,2024-03-01 14:00:00,Failed,iPhone
2601,198.51.100.77,Russia,2024-03-01 15:00:00,Failed,iPhone
4221,198.51.100.77,Germany,2024-03-01 16:00:00,Failed,Windows PC
3155,10.0.0.2,Germany,2024-03-01 17:00:00,Success,Android
8180,10.0.0.2,USA,2024-03-01 18:00:00,Success,Mac
4206,203.0.113.45,China,2024-03-01 19:00:00,Success,Windows PC
1041,198.51.100.77,Brazil,2024-03-01 20:00:00,Success,Linux
8468,203.0.113.45,India,2024-03-01 21:00:00,Failed,Android
6281,172.16.254.1,USA,2024-03-01 22:00:00,Failed,iPhone
3236,203.0.113.45,Brazil,2024-03-01 23:00:00,Failed,Linux
8128,203.0.113.45,Russia,2024-03-02 00:00:00,Success,Linux
8438,192.168.1.1,Russia,2024-03-02 01:00:00,Failed,Mac
3916,198.51.100.77,Russia,2024-03-02 02:00:00,Failed,iPhone
9617,203.0.113.45,Germany,2024-03-02 03:00:00,Success,Windows PC
5402,192.168.1.1,China,2024-03-02 04:00:00,Failed,Android
6873,192.168.1.1,UK,2024-03-02 05:00:00,Failed,iPhone
4436,10.0.0.2,Germany,2024-03-02 06:00:00,Failed,Mac
1576,198.51.100.77,India,2024-03-02 07:00:00,Failed,Windows PC
4425,203.0.113.45,Germany,2024-03-02 08:00:00,Failed,Mac
7158,192.168.1.1,Canada,2024-03-02 09:00:00,Success,Mac
5833,192.168.1.1,Russia,2024-03-02 10:00:00,Failed,Linux
4801,172.16.254.1,Canada,2024-03-02 11:00:00,Failed,Windows PC
1978,172.16.254.1,China,2024-03-02 12:00:00,Failed,Linux
5506,10.0.0.2,Germany,2024-03-02 13:00:00,Success,Windows PC
5163,10.0.0.2,UK,2024-03-02 14:00:00,Success,Mac
7333,10.0.0.2,Germany,2024-03-02 15:00:00,Failed,Mac
2737,198.51.100.77,USA,2024-03-02 16:00:00,Failed,Android
5326,192.168.1.1,Canada,2024-03-02 17:00:00,Success,Mac
6608,192.168.1.1,India,2024-03-02 18:00:00,Failed,Android
3198,172.16.254.1,India,2024-03-02 19:00:00,Failed,Android
3789,10.0.0.2,Brazil,2024-03-02 20:00:00,Failed,Mac
3927,10.0.0.2,Germany,2024-03-02 21:00:00,Failed,Mac
1970,172.16.254.1,China,2024-03-02 22:00:00,Failed,iPhone
9804,198.51.100.77,Canada,2024-03-02 23:00:00,Failed,Linux
2549,10.0.0.2,UK,2024-03-03 00:00:00,Failed,Linux
2651,172.16.254.1,Canada,2024-03-03 01:00:00,Failed,Linux
3310,192.168.1.1,China,2024-03-03 02:00:00,Failed,Mac
2517,198.51.100.77,UK,2024-03-03 03:00:00,Failed,Android
9057,192.168.1.1,Brazil,2024-03-03 04:00:00,Success,Mac
3409,10.0.0.2,China,2024-03-03 05:00:00,Success,Windows PC
1692,198.51.100.77,UK,2024-03-03 06:00:00,Failed,Windows PC
5708,198.51.100.77,Canada,2024-03-03 07:00:00,Failed,iPhone
5362,203.0.113.45,UK,2024-03-03 08:00:00,Failed,Linux
4110,10.0.0.2,Brazil,2024-03-03 09:00:00,Failed,Android
9220,10.0.0.2,Russia,2024-03-03 10:00:00,Failed,iPhone
2684,172.16.254.1,Russia,2024-03-03 11:00:00,Failed,Windows PC
4133,172.16.254.1,Germany,2024-03-03 12:00:00,Failed,Mac
1966,10.0.0.2,UK,2024-03-03 13:00:00,Failed,Android
6445,172.16.254.1,Canada,2024-03-03 14:00:00,Failed,Mac
3785,198.51.100.77,USA,2024-03-03 15:00:00,Failed,iPhone
1099,172.16.254.1,Russia,2024-03-03 16:00:00,Failed,Mac
9599,10.0.0.2,China,2024-03-03 17:00:00,Success,Android
5906,192.168.1.1,UK,2024-03-03 18:00:00,Failed,Mac
7269,203.0.113.45,Canada,2024-03-03 19:00:00,Failed,Android
9321,203.0.113.45,Brazil,2024-03-03 20:00:00,Failed,iPhone
6501,198.51.100.77,USA,2024-03-03 21:00:00,Failed,Linux
9948,172.16.254.1,Russia,2024-03-03 22:00:00,Failed,iPhone
7732,172.16.254.1,Russia,2024-03-03 23:00:00,Success,iPhone
3145,10.0.0.2,Canada,2024-03-04 00:00:00,Success,Mac
5658,172.16.254.1,India,2024-03-04 01:00:00,Failed,iPhone
6220,192.168.1.1,UK,2024-03-04 02:00:00,Success,Linux
7827,192.168.1.1,USA,2024-03-04 03:00:00,Failed,Windows PC
7204,203.0.113.45,Germany,2024-03-04 04:00:00,Failed,Mac
8696,203.0.113.45,Canada,2024-03-04 05:00:00,Failed,Mac
6544,203.0.113.45,Germany,2024-03-04 06:00:00,Success,iPhone
8854,172.16.254.1,Germany,2024-03-04 07:00:00,Failed,Android
1107,192.168.1.1,USA,2024-03-04 08:00:00,Success,Android
3643,10.0.0.2,Canada,2024-03-04 09:00:00,Failed,iPhone
1024,198.51.100.77,Canada,2024-03-04 10:00:00,Success,Mac
4749,10.0.0.2,China,2024-03-04 11:00:00,Success,Linux
2132,198.51.100.77,China,2024-03-04 12:00:00,Failed,Mac
8378,192.168.1.1,Russia,2024-03-04 13:00:00,Success,Android
5184,172.16.254.1,India,2024-03-04 14:00:00,Failed,Linux
8606,198.51.100.77,USA,2024-03-04 15:00:00,Failed,Windows PC
3199,198.51.100.77,UK,2024-03-04 16:00:00,Success,Android
9724,198.51.100.77,USA,2024-03-04 17:00:00,Failed,iPhone
2850,172.16.254.1,Russia,2024-03-04 18:00:00,Failed,Linux
2363,198.51.100.77,UK,2024-03-04 19:00:00,Success,Windows PC
8197,10.0.0.2,Germany,2024-03-04 20:00:00,Success,Android
9482,172.16.254.1,Canada,2024-03-04 21:00:00,Success,iPhone
2628,172.16.254.1,Canada,2024-03-04 22:00:00,Failed,Android
2048,172.16.254.1,USA,2024-03-04 23:00:00,Failed,Mac
4205,10.0.0.2,Brazil,2024-03-05 00:00:00,Success,iPhone
1118,192.168.1.1,Russia,2024-03-05 01:00:00,Failed,Windows PC
5020,203.0.113.45,Canada,2024-03-05 02:00:00,Failed,Linux
6126,203.0.113.45,Germany,2024-03-05 03:00:00,Success,Linux
6350,198.51.100.77,Brazil,2024-03-05 04:00:00,Success,Mac
2542,203.0.113.45,Russia,2024-03-05 05:00:00,Failed,Windows PC
9979,10.0.0.2,Brazil,2024-03-05 06:00:00,Failed,Windows PC
1359,203.0.113.45,UK,2024-03-05 07:00:00,Success,Mac
7465,198.51.100.77,Germany,2024-03-05 08:00:00,Success,Android
6406,10.0.0.2,India,2024-03-05 09:00:00,Failed,Linux
2351,10.0.0.2,India,2024-03-05 10:00:00,Failed,Linux
6633,172.16.254.1,UK,2024-03-05 11:00:00,Success,Mac
5461,203.0.113.45,Brazil,2024-03-05 12:00:00,Failed,Linux
4540,192.168.1.1,Canada,2024-03-05 13:00:00,Success,Linux
3621,203.0.113.45,India,2024-03-05 14:00:00,Success,Linux
7983,10.0.0.2,Brazil,2024-03-05 15:00:00,Failed,Mac
7697,192.168.1.1,China,2024-03-05 16:00:00,Failed,iPhone
2153,172.16.254.1,Germany,2024-03-05 17:00:00,Failed,Linux
4346,198.51.100.77,USA,2024-03-05 18:00:00,Failed,Mac
8897,198.51.100.77,Russia,2024-03-05 19:00:00,Failed,Android
3170,10.0.0.2,China,2024-03-05 20:00:00,Failed,Windows PC
9368,203.0.113.45,Canada,2024-03-05 21:00:00,Success,Linux
2094,198.51.100.77,Brazil,2024-03-05 22:00:00,Failed,iPhone
7661,172.16.254.1,India,2024-03-05 23:00:00,Failed,Windows PC
6445,203.0.113.45,Canada,2024-03-06 00:00:00,Failed,Mac
2077,198.51.100.77,UK,2024-03-06 01:00:00,Success,Windows PC
2300,198.51.100.77,UK,2024-03-06 02:00:00,Success,iPhone
6918,10.0.0.2,Canada,2024-03-06 03:00:00,Failed,Mac
3158,172.16.254.1,China,2024-03-06 04:00:00,Failed,Linux
9524,203.0.113.45,Russia,2024-03-06 05:00:00,Success,Android
4841,192.168.1.1,USA,2024-03-06 06:00:00,Failed,Mac
1545,203.0.113.45,USA,2024-03-06 07:00:00,Failed,Windows PC
7839,192.168.1.1,Russia,2024-03-06 08:00:00,Success,Windows PC
1135,192.168.1.1,Canada,2024-03-06 09:00:00,Success,iPhone
7703,192.168.1.1,Russia,2024-03-06 10:00:00,Failed,Mac
9931,10.0.0.2,UK,2024-03-06 11:00:00,Success,iPhone
4189,198.51.100.77,Canada,2024-03-06 12:00:00,Failed,Android
1358,198.51.100.77,Canada,2024-03-06 13:00:00,Success,Linux
3027,10.0.0.2,Brazil,2024-03-06 14:00:00,Failed,Android
5163,10.0.0.2,Russia,2024-03-06 15:00:00,Failed,Android
2725,172.16.254.1,India,2024-03-06 16:00:00,Success,Android
6340,172.16.254.1,Germany,2024-03-06 17:00:00,Failed,Android
4215,203.0.113.45,UK,2024-03-06 18:00:00,Success,Windows PC
9381,172.16.254.1,USA,2024-03-06 19:00:00,Failed,iPhone
3820,198.51.100.77,Germany,2024-03-06 20:00:00,Failed,Windows PC
6182,192.168.1.1,Canada,2024-03-06 21:00:00,Success,Android
2507,192.168.1.1,Russia,2024-03-06 22:00:00,Failed,iPhone
7948,192.168.1.1,Brazil,2024-03-06 23:00:00,Failed,iPhone
1502,192.168.1.1,Germany,2024-03-07 00:00:00,Failed,Android
2683,198.51.100.77,USA,2024-03-07 01:00:00,Failed,Mac
6087,203.0.113.45,Brazil,2024-03-07 02:00:00,Failed,Linux
7914,203.0.113.45,Brazil,2024-03-07 03:00:00,Failed,Mac
5215,172.16.254.1,Germany,2024-03-07 04:00:00,Failed,iPhone
2646,172.16.254.1,Canada,2024-03-07 05:00:00,Failed,iPhone
