API_Endpoint,Request_Count,Response_Time_ms,Error_Code,IP_Address,Timestamp
/payment,340,278,200 OK,192.168.1.1,2024-03-01 00:00:00
/data/export,113,675,403 Forbidden,203.0.113.45,2024-03-01 00:01:00
/admin,494,749,401 Unauthorized,192.168.1.1,2024-03-01 00:02:00
/data/export,169,470,200 OK,192.168.1.1,2024-03-01 00:03:00
/login,176,1362,200 OK,10.0.0.2,2024-03-01 00:04:00
/payment,237,1119,200 OK,203.0.113.45,2024-03-01 00:05:00
/data/export,338,216,403 Forbidden,10.0.0.2,2024-03-01 00:06:00
/login,258,859,500 Internal Server Error,192.168.1.1,2024-03-01 00:07:00
/data/export,204,1465,403 Forbidden,10.0.0.2,2024-03-01 00:08:00
/user/profile,155,205,200 OK,203.0.113.45,2024-03-01 00:09:00
/user/profile,188,570,200 OK,172.16.254.1,2024-03-01 00:10:00
/data/export,416,1034,401 Unauthorized,192.168.1.1,2024-03-01 00:11:00
/data/export,411,588,403 Forbidden,10.0.0.2,2024-03-01 00:12:00
/login,180,1204,200 OK,172.16.254.1,2024-03-01 00:13:00
/admin,337,784,200 OK,203.0.113.45,2024-03-01 00:14:00
/payment,266,1079,200 OK,203.0.113.45,2024-03-01 00:15:00
/data/export,133,1041,200 OK,192.168.1.1,2024-03-01 00:16:00
/data/export,112,643,401 Unauthorized,192.168.1.1,2024-03-01 00:17:00
/data/export,163,972,200 OK,203.0.113.45,2024-03-01 00:18:00
/user/profile,319,1120,403 Forbidden,10.0.0.2,2024-03-01 00:19:00
/login,301,358,401 Unauthorized,198.51.100.77,2024-03-01 00:20:00
/payment,142,331,200 OK,203.0.113.45,2024-03-01 00:21:00
/data/export,287,676,200 OK,198.51.100.77,2024-03-01 00:22:00
/admin,261,1462,200 OK,192.168.1.1,2024-03-01 00:23:00
/data/export,76,681,200 OK,203.0.113.45,2024-03-01 00:24:00
/login,459,476,200 OK,172.16.254.1,2024-03-01 00:25:00
/user/profile,310,613,200 OK,203.0.113.45,2024-03-01 00:26:00
/payment,471,180,200 OK,192.168.1.1,2024-03-01 00:27:00
/user/profile,255,1094,500 Internal Server Error,172.16.254.1,2024-03-01 00:28:00
/login,497,142,200 OK,192.168.1.1,2024-03-01 00:29:00
/data/export,347,301,200 OK,192.168.1.1,2024-03-01 00:30:00
/admin,437,1390,401 Unauthorized,198.51.100.77,2024-03-01 00:31:00
/admin,175,1148,200 OK,198.51.100.77,2024-03-01 00:32:00
/admin,114,905,200 OK,203.0.113.45,2024-03-01 00:33:00
/payment,421,586,200 OK,172.16.254.1,2024-03-01 00:34:00
/admin,240,161,401 Unauthorized,203.0.113.45,2024-03-01 00:35:00
/login,208,499,200 OK,203.0.113.45,2024-03-01 00:36:00
/payment,394,1312,200 OK,10.0.0.2,2024-03-01 00:37:00
/payment,129,385,200 OK,172.16.254.1,2024-03-01 00:38:00
/admin,473,508,200 OK,172.16.254.1,2024-03-01 00:39:00
/data/export,423,107,401 Unauthorized,198.51.100.77,2024-03-01 00:40:00
/payment,462,788,401 Unauthorized,203.0.113.45,2024-03-01 00:41:00
/admin,413,1287,200 OK,192.168.1.1,2024-03-01 00:42:00
/data/export,187,344,200 OK,10.0.0.2,2024-03-01 00:43:00
/payment,57,1445,500 Internal Server Error,198.51.100.77,2024-03-01 00:44:00
/payment,376,1290,401 Unauthorized,203.0.113.45,2024-03-01 00:45:00
/data/export,121,1145,500 Internal Server Error,203.0.113.45,2024-03-01 00:46:00
/admin,167,663,200 OK,198.51.100.77,2024-03-01 00:47:00
/login,283,1250,200 OK,203.0.113.45,2024-03-01 00:48:00
/admin,420,1296,500 Internal Server Error,172.16.254.1,2024-03-01 00:49:00
/admin,91,1135,401 Unauthorized,198.51.100.77,2024-03-01 00:50:00
/login,123,1178,200 OK,172.16.254.1,2024-03-01 00:51:00
/data/export,81,1375,200 OK,10.0.0.2,2024-03-01 00:52:00
/payment,307,490,403 Forbidden,172.16.254.1,2024-03-01 00:53:00
/user/profile,298,652,200 OK,192.168.1.1,2024-03-01 00:54:00
/user/profile,168,338,200 OK,198.51.100.77,2024-03-01 00:55:00
/login,227,573,200 OK,198.51.100.77,2024-03-01 00:56:00
/data/export,116,153,401 Unauthorized,198.51.100.77,2024-03-01 00:57:00
/data/export,297,181,200 OK,198.51.100.77,2024-03-01 00:58:00
/login,433,1395,500 Internal Server Error,10.0.0.2,2024-03-01 00:59:00
/login,367,131,200 OK,203.0.113.45,2024-03-01 01:00:00
/user/profile,395,936,403 Forbidden,192.168.1.1,2024-03-01 01:01:00
/admin,133,366,401 Unauthorized,203.0.113.45,2024-03-01 01:02:00
/data/export,498,875,200 OK,172.16.254.1,2024-03-01 01:03:00
/user/profile,265,1008,500 Internal Server Error,203.0.113.45,2024-03-01 01:04:00
/user/profile,437,1462,403 Forbidden,203.0.113.45,2024-03-01 01:05:00
/data/export,78,595,200 OK,192.168.1.1,2024-03-01 01:06:00
/login,424,1407,401 Unauthorized,172.16.254.1,2024-03-01 01:07:00
/admin,355,1259,200 OK,198.51.100.77,2024-03-01 01:08:00
/admin,120,714,200 OK,198.51.100.77,2024-03-01 01:09:00
/admin,432,458,200 OK,10.0.0.2,2024-03-01 01:10:00
/data/export,140,704,200 OK,192.168.1.1,2024-03-01 01:11:00
/data/export,151,484,200 OK,203.0.113.45,2024-03-01 01:12:00
/data/export,282,953,200 OK,198.51.100.77,2024-03-01 01:13:00
/login,93,608,200 OK,192.168.1.1,2024-03-01 01:14:00
/payment,487,966,200 OK,10.0.0.2,2024-03-01 01:15:00
/payment,495,209,200 OK,10.0.0.2,2024-03-01 01:16:00
/login,463,391,401 Unauthorized,10.0.0.2,2024-03-01 01:17:00
/login,74,1482,200 OK,10.0.0.2,2024-03-01 01:18:00
/user/profile,471,1070,500 Internal Server Error,192.168.1.1,2024-03-01 01:19:00
/payment,478,877,500 Internal Server Error,172.16.254.1,2024-03-01 01:20:00
/login,378,1408,500 Internal Server Error,203.0.113.45,2024-03-01 01:21:00
/user/profile,105,909,403 Forbidden,203.0.113.45,2024-03-01 01:22:00
/login,445,244,403 Forbidden,192.168.1.1,2024-03-01 01:23:00
/user/profile,105,1146,403 Forbidden,192.168.1.1,2024-03-01 01:24:00
/login,394,1099,200 OK,10.0.0.2,2024-03-01 01:25:00
/admin,461,1061,200 OK,10.0.0.2,2024-03-01 01:26:00
/admin,327,1318,200 OK,203.0.113.45,2024-03-01 01:27:00
/user/profile,168,905,200 OK,198.51.100.77,2024-03-01 01:28:00
/payment,348,1360,200 OK,203.0.113.45,2024-03-01 01:29:00
/login,85,447,200 OK,203.0.113.45,2024-03-01 01:30:00
/data/export,130,300,401 Unauthorized,198.51.100.77,2024-03-01 01:31:00
/data/export,409,272,401 Unauthorized,198.51.100.77,2024-03-01 01:32:00
/admin,165,892,200 OK,172.16.254.1,2024-03-01 01:33:00
/payment,196,348,500 Internal Server Error,172.16.254.1,2024-03-01 01:34:00
/data/export,440,710,200 OK,198.51.100.77,2024-03-01 01:35:00
/admin,493,313,401 Unauthorized,10.0.0.2,2024-03-01 01:36:00
/data/export,341,310,500 Internal Server Error,203.0.113.45,2024-03-01 01:37:00
/login,331,974,401 Unauthorized,10.0.0.2,2024-03-01 01:38:00
/payment,413,300,200 OK,198.51.100.77,2024-03-01 01:39:00
